{
  "customMobAbilityMapping": {
    "am2.bosses.EntityAirGuardian": [
      "hostile"
    ],
    "am2.bosses.EntityArcaneGuardian": [
      "hostile"
    ],
    "am2.bosses.EntityEarthGuardian": [
      "hostile"
    ],
    "am2.bosses.EntityFireGuardian": [
      "fireImmunity",
      "hostile"
    ],
    "am2.bosses.EntityNatureGuardian": [
      "hostile"
    ],
    "am2.bosses.EntityWaterGuardian": [
      "hostile"
    ],
    "am2.bosses.EntityWinterGuardian": [
      "hostile"
    ],
    "am2.entities.EntityBattleChicken": [
      "float|-0.114,true",
      "hostile"
    ],
    "am2.entities.EntityDarkling": [
      "hostile"
    ],
    "am2.entities.EntityDarkMage": [
      "hostile"
    ],
    "am2.entities.EntityDryad": [
      ""
    ],
    "am2.entities.EntityEarthElemental": [
      "hostile"
    ],
    "am2.entities.EntityFireElemental": [
      "fireImmunity",
      "hostile"
    ],
    "am2.entities.EntityHecate": [
      "sunburn",
      "fly|false",
      "hostile"
    ],
    "am2.entities.EntityHellCow": [
      "hostile"
    ],
    "am2.entities.EntityLightMage": [
      "hostile"
    ],
    "am2.entities.EntityMageVillager": [
      ""
    ],
    "am2.entities.EntityManaCreeper": [
      "hostile"
    ],
    "am2.entities.EntityManaElemental": [
      "hostile"
    ],
    "am2.entities.EntityWaterElemental": [
      "hostile"
    ],
    "biomesoplenty.entities.EntityBird": [
      "fly|true"
    ],
    "biomesoplenty.entities.EntityGlob": [
      "hostile"
    ],
    "biomesoplenty.entities.EntityJungleSpider": [
      "climb",
      "hostile"
    ],
    "biomesoplenty.entities.EntityRosester": [
      "float|-0.114,true"
    ],
    "biomesoplenty.entities.EntityWasp": [
      "fly|true",
      "hostile"
    ],
    "com.xcompwiz.mystcraft.entity.EntityLinkbook": [
      "waterAllergy"
    ],
    "drzhark.mocreatures.entity.aquatic.MoCEntityDolphin": [
      "swim|false",
      "hostile"
    ],
    "drzhark.mocreatures.entity.aquatic.MoCEntityFishy": [
      "swim|false"
    ],
    "drzhark.mocreatures.entity.aquatic.MoCEntityJellyFish": [
      "swim|false",
      "hostile"
    ],
    "drzhark.mocreatures.entity.aquatic.MoCEntityMediumFish": [
      "swim|false"
    ],
    "drzhark.mocreatures.entity.aquatic.MoCEntityPiranha": [
      "swim|false",
      "hostile"
    ],
    "drzhark.mocreatures.entity.aquatic.MoCEntityRay": [
      "swim|false",
      "hostile"
    ],
    "drzhark.mocreatures.entity.aquatic.MoCEntityShark": [
      "swim|false",
      "hostile"
    ],
    "drzhark.mocreatures.entity.aquatic.MoCEntitySmallFish": [
      "swim|false"
    ],
    "drzhark.mocreatures.entity.monster.MoCEntityFlameWraith": [
      "fly|false",
      "hostile",
      "fireImmunity"
    ],
    "drzhark.mocreatures.entity.monster.MoCEntityGolem": [
      "hostile"
    ],
    "drzhark.mocreatures.entity.monster.MoCEntityHellRat": [
      "hostile",
      "fireImmunity"
    ],
    "drzhark.mocreatures.entity.monster.MoCEntityMiniGolem": [
      "hostile",
      "sunburn"
    ],
    "drzhark.mocreatures.entity.monster.MoCEntityOgre": [
      "hostile"
    ],
    "drzhark.mocreatures.entity.monster.MoCEntityRat": [
      "hostile"
    ],
    "drzhark.mocreatures.entity.monster.MoCEntityScorpion": [
      "hostile"
    ],
    "drzhark.mocreatures.entity.monster.MoCEntitySilverSkeleton": [ 
      "hostile",
      "sunburn",
      "poisonResistance"
    ],
    "drzhark.mocreatures.entity.monster.MoCEntityWereWolf": [
      "hostile"
    ],
    "drzhark.mocreatures.entity.monster.MoCEntityWraith": [
      "hostile",
      "sunburn",
      "fly|false"
    ],
    "drzhark.mocreatures.entity.monster.MoCEntityWWolf": [
      "hostile"
    ],
    "mods.natura.entity.BabyHeatscarSpider": [
      "climb",
      "fireImmunity",
      "hostile"
    ],
    "mods.natura.entity.HeatscarSpider": [
      "climb",
      "fireImmunity",
      "hostile"
    ],
    "mods.natura.entity.ImpEntity": [
      "fireImmunity",
      "hostile"
    ],
    "mods.natura.entity.NitroCreeper": [
      "fireImmunity",
      "hostile"
    ],
    "tconstruct.entity.BlueSlime": [
      "hostile"
    ],
    "thaumcraft.common.entities.golems.EntityGolemBase": [
      "swim|true"
    ],
    "thaumcraft.common.entities.monster.EntityBrainyZombie": [
      "sunburn",
      "hostile"
    ],
    "thaumcraft.common.entities.monster.EntityFireBat": [
      "fireImmunity",
      "fly|true",
      "hostile"
    ],
    "thaumcraft.common.entities.monster.EntityGiantBrainyZombie": [
      "sunburn",
      "hostile"
    ],
    "thaumcraft.common.entities.monster.EntityPech": [
      ""
    ],
    "thaumcraft.common.entities.monster.EntityTaintChicken": [
      "float|-0.114,true",
      "hostile"
    ],
    "thaumcraft.common.entities.monster.EntityWisp": [
      "fly|false",
      "hostile"
    ],
    "twilightforest.entity.EntityTFDeathTome": [
      "fly|true",
      "hostile"
    ],
    "twilightforest.entity.EntityTFFireBeetle": [
      "fireImmunity",
      "hostile"
    ],
    "twilightforest.entity.EntityTFHedgeSpider": [
      "climb",
      "hostile"
    ],
    "twilightforest.entity.EntityTFMiniGhast": [
      "fly|false",
      "hostile"
    ],
    "twilightforest.entity.EntityTFMosquitoSwarm": [
      "fly|true",
      "hostile"
    ],
    "twilightforest.entity.EntityTFPinchBeetle": [
      "hostile"
    ],
    "twilightforest.entity.EntityTFSwarmSpider": [
      "climb",
      "hostile"
    ],
    "twilightforest.entity.passive.EntityTFMobileFirefly": [
      "fly|true"
    ],
    "twilightforest.entity.passive.EntityTFRaven": [
      "fly|true"
    ],
    "twilightforest.entity.passive.EntityTFTinyBird": [
      "fly|true"
    ]
  }
}
